Тяжесть,Уровень_VIP,Уровень_SP,SNP_rs896,SNP_rs2072100,SNP_rs3771829,SNP_rs3823082,VAR_mc,aVNN_mc,SDNN_mc,pNN50,rMSSD,SDNNidx_mc,SDANN_mc,VLF,LF_Симпатика,HF_Парасимпатика,nHF,CBBP,LF_HF
3,197.39,0,0,1,0,2,1412,948,157,3,27,46,149,1644,666,173,21,1423,3.849710983
3,,,,,,,922,923,123,4,28,64,100,2998,996,236,19,1493,4.220338983
3,,,,,,,922,923,123,4,28,64,100,2998,996,236,19,1493,4.220338983
3,163.3,0,1,1,0,2,1008,874,138,8,35,67,119,2759,2196,304,12,2132,7.223684211
3,63.97,0,1,1,0,0,1568,947,116,2,28,59,88,2362,685,146,18,1922,4.691780822
3,95.96,0,1,1,0,2,700,625,83,4,23,54,56,1505,1412,226,14,1586,6.247787611
3,94.12,0,1,1,0,2,1335,820,93,1,19,39,73,952,321,93,22,1154,3.451612903
3,91.91,0,0,2,0,2,1105,1090,160,9,33,52,151,2310,431,147,25,910,2.931972789
3,,,,,,,1467,762,102,1,24,51,82,1835,861,172,17,1337,5.005813953
3,74.26,0,2,1,0,2,1568,947,116,2,28,59,88,2362,685,146,18,1922,4.691780822
3,,,,,,,743,742,150,2,21,58,129,1672,534,123,19,980,4.341463415
3,,,,,,,603,720,77,2,21,48,56,1648,519,103,17,1380,5.038834951
3,,,,,,,1467,762,102,1,24,51,82,1835,861,172,17,1337,5.005813953
3,119.12,0,1,1,0,2,743,742,150,2,21,58,129,1672,534,123,19,980,4.341463415
3,239.06,0,1,2,0,1,599,783,111,10,31,54,90,1801,920,427,32,1322,2.154566745
3,,,,,,,1319,773,114,8,38,59,94,2031,1214,457,27,2017,2.656455142
2,239.48,3.13,1,1,0,0,576,805,99,0,13,38,78,1012,414,56,12,646,7.392857143
2,61.23,0,2,1,1,2,1467,762,102,1,24,51,82,1835,861,172,17,1337,5.005813953
2,,,,,,,1280,632,124,10,83,85,82,1615,1201,1250,51,2740,.9608
2,91.18,8.42,0,1,0,2,662,751,115,11,31,49,99,1574,804,350,30,1438,2.297142857
3,197.39,0,0,1,0,2,1412,948,157,3,27,46,149,1644,666,173,21,1423,3.849710983
3,,,,,,,922,923,123,4,28,64,100,2998,996,236,19,1493,4.220338983
3,,,,,,,922,923,123,4,28,64,100,2998,996,236,19,1493,4.220338983
3,163.3,0,1,1,0,2,1008,874,138,8,35,67,119,2759,2196,304,12,2132,7.223684211
3,63.97,0,1,1,0,0,1568,947,116,2,28,59,88,2362,685,146,18,1922,4.691780822
3,95.96,0,1,1,0,2,700,625,83,4,23,54,56,1505,1412,226,14,1586,6.247787611
3,94.12,0,1,1,0,2,1335,820,93,1,19,39,73,952,321,93,22,1154,3.451612903
3,91.91,0,0,2,0,2,1105,1090,160,9,33,52,151,2310,431,147,25,910,2.931972789
3,,,,,,,1467,762,102,1,24,51,82,1835,861,172,17,1337,5.005813953
3,74.26,0,2,1,0,2,1568,947,116,2,28,59,88,2362,685,146,18,1922,4.691780822
3,,,,,,,743,742,150,2,21,58,129,1672,534,123,19,980,4.341463415
3,,,,,,,603,720,77,2,21,48,56,1648,519,103,17,1380,5.038834951
3,,,,,,,1467,762,102,1,24,51,82,1835,861,172,17,1337,5.005813953
3,119.12,0,1,1,0,2,743,742,150,2,21,58,129,1672,534,123,19,980,4.341463415
3,239.06,0,1,2,0,1,599,783,111,10,31,54,90,1801,920,427,32,1322,2.154566745
3,,,,,,,1319,773,114,8,38,59,94,2031,1214,457,27,2017,2.656455142
2,239.48,3.13,1,1,0,0,576,805,99,0,13,38,78,1012,414,56,12,646,7.392857143
2,61.23,0,2,1,1,2,1467,762,102,1,24,51,82,1835,861,172,17,1337,5.005813953
2,,,,,,,1280,632,124,10,83,85,82,1615,1201,1250,51,2740,.9608
2,91.18,8.42,0,1,0,2,662,751,115,11,31,49,99,1574,804,350,30,1438,2.297142857
3,61.23,0,2,1,1,2,1008,874,138,8,35,67,119,2759,2196,304,12,2132,7.223684211
3,83.46,1.46,0,2,0,2,751,710,138,1,17,63,115,2755,1020,75,7,1149,13.6
3,,,,,,,1568,947,116,2,28,59,88,2362,685,146,18,1922,4.691780822
3,194.44,1.67,0,2,0,0,1008,874,138,8,35,67,119,2759,2196,304,12,2132,7.223684211
3,104.41,0,1,1,0,0,1008,874,138,8,35,67,119,2759,2196,304,12,2132,7.223684211
3,,,,,,,413,726,73,0,14,44,55,1216,267,28,9,859,9.535714286
3,117.28,0,2,1,0,2,743,742,150,2,21,58,129,1672,534,123,19,980,4.341463415
3,74.26,0,2,1,0,2,700,625,83,4,23,54,56,1505,1412,226,14,1586,6.247787611
3,149.41,0,1,1,0,2,922,923,123,4,28,64,100,2998,996,236,19,1493,4.220338983
3,,,,,,,1568,947,116,2,28,59,88,2362,685,146,18,1922,4.691780822
3,134.68,1.25,1,1,0,1,623,794,101,0,15,44,85,1339,315,59,16,799,5.338983051
3,104.41,0,1,1,0,0,662,751,115,11,31,49,99,1574,804,350,30,1438,2.297142857
3,,,,,,,1467,762,102,1,24,51,82,1835,861,172,17,1337,5.005813953
3,,,,,,,413,726,73,0,14,44,55,1216,267,28,9,859,9.535714286
3,,,,,,,1335,820,93,1,19,39,73,952,321,93,22,1154,3.451612903
3,247.9,1.67,0,0,0,1,413,726,73,0,14,44,55,1216,267,28,9,859,9.535714286
2,,,,,,,599,783,111,10,31,54,90,1801,920,427,32,1322,2.154566745
2,,,,,,,623,794,101,0,15,44,85,1339,315,59,16,799,5.338983051
2,,,,,,,922,923,123,4,28,64,100,2998,996,236,19,1493,4.220338983
2,,,,,,,751,710,138,1,17,63,115,2755,1020,75,7,1149,13.6
2,191.5,0,1,0,1,1,599,783,111,10,31,54,90,1801,920,427,32,1322,2.154566745
2,173.82,0,0,2,0,2,576,805,99,0,13,38,78,1012,414,56,12,646,7.392857143
2,84.19,20.14,0,2,0,2,1335,820,93,1,19,39,73,952,321,93,22,1154,3.451612903
2,,,,,,,1319,773,114,8,38,59,94,2031,1214,457,27,2017,2.656455142
2,63.97,0,1,1,0,0,599,783,111,10,31,54,90,1801,920,427,32,1322,2.154566745
2,157.83,0,2,1,0,2,603,720,77,2,21,48,56,1648,519,103,17,1380,5.038834951
2,,,,,,,1467,762,102,1,24,51,82,1835,861,172,17,1337,5.005813953
2,93.01,3.33,2,1,0,0,700,625,83,4,23,54,56,1505,1412,226,14,1586,6.247787611
2,58.69,0,1,2,0,0,1105,1090,160,9,33,52,151,2310,431,147,25,910,2.931972789
2,,,,,,,1319,773,114,8,38,59,94,2031,1214,457,27,2017,2.656455142
2,98.9,0,1,0,0,2,700,625,83,4,23,54,56,1505,1412,226,14,1586,6.247787611
2,62.08,0,2,0,0,1,576,805,99,0,13,38,78,1012,414,56,12,646,7.392857143
2,,,,,,,1642,736,182,20,140,133,103,2985,3138,3633,54,5087,.863748968
2,98.9,0,1,0,0,2,623,794,101,0,15,44,85,1339,315,59,16,799,5.338983051
3,61.23,0,2,1,1,2,1008,874,138,8,35,67,119,2759,2196,304,12,2132,7.223684211
3,83.46,1.46,0,2,0,2,751,710,138,1,17,63,115,2755,1020,75,7,1149,13.6
3,,,,,,,1568,947,116,2,28,59,88,2362,685,146,18,1922,4.691780822
3,194.44,1.67,0,2,0,0,1008,874,138,8,35,67,119,2759,2196,304,12,2132,7.223684211
3,104.41,0,1,1,0,0,1008,874,138,8,35,67,119,2759,2196,304,12,2132,7.223684211
3,,,,,,,413,726,73,0,14,44,55,1216,267,28,9,859,9.535714286
3,117.28,0,2,1,0,2,743,742,150,2,21,58,129,1672,534,123,19,980,4.341463415
3,74.26,0,2,1,0,2,700,625,83,4,23,54,56,1505,1412,226,14,1586,6.247787611
3,149.41,0,1,1,0,2,922,923,123,4,28,64,100,2998,996,236,19,1493,4.220338983
3,,,,,,,1568,947,116,2,28,59,88,2362,685,146,18,1922,4.691780822
3,134.68,1.25,1,1,0,1,623,794,101,0,15,44,85,1339,315,59,16,799,5.338983051
3,104.41,0,1,1,0,0,662,751,115,11,31,49,99,1574,804,350,30,1438,2.297142857
3,,,,,,,1467,762,102,1,24,51,82,1835,861,172,17,1337,5.005813953
3,,,,,,,413,726,73,0,14,44,55,1216,267,28,9,859,9.535714286
3,,,,,,,1335,820,93,1,19,39,73,952,321,93,22,1154,3.451612903
3,247.9,1.67,0,0,0,1,413,726,73,0,14,44,55,1216,267,28,9,859,9.535714286
2,,,,,,,599,783,111,10,31,54,90,1801,920,427,32,1322,2.154566745
2,,,,,,,623,794,101,0,15,44,85,1339,315,59,16,799,5.338983051
2,,,,,,,922,923,123,4,28,64,100,2998,996,236,19,1493,4.220338983
2,,,,,,,751,710,138,1,17,63,115,2755,1020,75,7,1149,13.6
2,191.5,0,1,0,1,1,599,783,111,10,31,54,90,1801,920,427,32,1322,2.154566745
2,173.82,0,0,2,0,2,576,805,99,0,13,38,78,1012,414,56,12,646,7.392857143
2,84.19,20.14,0,2,0,2,1335,820,93,1,19,39,73,952,321,93,22,1154,3.451612903
2,,,,,,,1319,773,114,8,38,59,94,2031,1214,457,27,2017,2.656455142
2,63.97,0,1,1,0,0,599,783,111,10,31,54,90,1801,920,427,32,1322,2.154566745
2,157.83,0,2,1,0,2,603,720,77,2,21,48,56,1648,519,103,17,1380,5.038834951
2,,,,,,,1467,762,102,1,24,51,82,1835,861,172,17,1337,5.005813953
2,93.01,3.33,2,1,0,0,700,625,83,4,23,54,56,1505,1412,226,14,1586,6.247787611
2,58.69,0,1,2,0,0,1105,1090,160,9,33,52,151,2310,431,147,25,910,2.931972789
2,,,,,,,1319,773,114,8,38,59,94,2031,1214,457,27,2017,2.656455142
2,98.9,0,1,0,0,2,700,625,83,4,23,54,56,1505,1412,226,14,1586,6.247787611
2,62.08,0,2,0,0,1,576,805,99,0,13,38,78,1012,414,56,12,646,7.392857143
2,,,,,,,1642,736,182,20,140,133,103,2985,3138,3633,54,5087,.863748968
2,98.9,0,1,0,0,2,623,794,101,0,15,44,85,1339,315,59,16,799,5.338983051
3,95.96,0,1,1,0,2,1412,948,157,3,27,46,149,1644,666,173,21,1423,3.849710983
3,,,,,,,623,794,101,0,15,44,85,1339,315,59,16,799,5.338983051
3,239.48,3.13,1,1,0,0,1467,762,102,1,24,51,82,1835,861,172,17,1337,5.005813953
3,83.09,0,1,1,0,2,603,720,77,2,21,48,56,1648,519,103,17,1380,5.038834951
3,,,,,,,1335,820,93,1,19,39,73,952,321,93,22,1154,3.451612903
3,239.06,0,1,2,0,1,576,805,99,0,13,38,78,1012,414,56,12,646,7.392857143
3,,,,,,,413,726,73,0,14,44,55,1216,267,28,9,859,9.535714286
2,,,,,,,623,794,101,0,15,44,85,1339,315,59,16,799,5.338983051
2,,,,,,,576,805,99,0,13,38,78,1012,414,56,12,646,7.392857143
2,175.93,2.29,1,1,1,2,751,710,138,1,17,63,115,2755,1020,75,7,1149,13.6
2,,,,,,,576,805,99,0,13,38,78,1012,414,56,12,646,7.392857143
2,67.28,0,2,0,0,2,576,805,99,0,13,38,78,1012,414,56,12,646,7.392857143
2,67.28,0,2,0,0,2,657,785,95,13,38,35,84,586,119,188,61,1452,.632978723
2,,,,,,,576,805,99,0,13,38,78,1012,414,56,12,646,7.392857143
2,163.3,0,1,1,0,2,1335,820,93,1,19,39,73,952,321,93,22,1154,3.451612903
2,100.74,5.42,1,2,0,2,599,783,111,10,31,54,90,1801,920,427,32,1322,2.154566745
2,193.08,2.29,2,0,0,2,623,794,101,0,15,44,85,1339,315,59,16,799,5.338983051
2,134.68,1.25,1,1,0,1,657,785,95,13,38,35,84,586,119,188,61,1452,.632978723
2,139.31,0,0,1,0,2,700,625,83,4,23,54,56,1505,1412,226,14,1586,6.247787611
2,,,,,,,1642,736,182,20,140,133,103,2985,3138,3633,54,5087,.863748968
2,97.79,0,0,1,0,2,700,625,83,4,23,54,56,1505,1412,226,14,1586,6.247787611
2,247.9,1.67,0,0,0,1,743,742,150,2,21,58,129,1672,534,123,19,980,4.341463415
3,95.96,0,1,1,0,2,1412,948,157,3,27,46,149,1644,666,173,21,1423,3.849710983
3,,,,,,,623,794,101,0,15,44,85,1339,315,59,16,799,5.338983051
3,239.48,3.13,1,1,0,0,1467,762,102,1,24,51,82,1835,861,172,17,1337,5.005813953
3,83.09,0,1,1,0,2,603,720,77,2,21,48,56,1648,519,103,17,1380,5.038834951
3,,,,,,,1335,820,93,1,19,39,73,952,321,93,22,1154,3.451612903
3,239.06,0,1,2,0,1,576,805,99,0,13,38,78,1012,414,56,12,646,7.392857143
3,,,,,,,413,726,73,0,14,44,55,1216,267,28,9,859,9.535714286
2,,,,,,,623,794,101,0,15,44,85,1339,315,59,16,799,5.338983051
2,,,,,,,576,805,99,0,13,38,78,1012,414,56,12,646,7.392857143
2,175.93,2.29,1,1,1,2,751,710,138,1,17,63,115,2755,1020,75,7,1149,13.6
2,,,,,,,576,805,99,0,13,38,78,1012,414,56,12,646,7.392857143
2,67.28,0,2,0,0,2,576,805,99,0,13,38,78,1012,414,56,12,646,7.392857143
2,67.28,0,2,0,0,2,657,785,95,13,38,35,84,586,119,188,61,1452,.632978723
2,,,,,,,576,805,99,0,13,38,78,1012,414,56,12,646,7.392857143
2,163.3,0,1,1,0,2,1335,820,93,1,19,39,73,952,321,93,22,1154,3.451612903
2,100.74,5.42,1,2,0,2,599,783,111,10,31,54,90,1801,920,427,32,1322,2.154566745
2,193.08,2.29,2,0,0,2,623,794,101,0,15,44,85,1339,315,59,16,799,5.338983051
2,134.68,1.25,1,1,0,1,657,785,95,13,38,35,84,586,119,188,61,1452,.632978723
2,139.31,0,0,1,0,2,700,625,83,4,23,54,56,1505,1412,226,14,1586,6.247787611
2,,,,,,,1642,736,182,20,140,133,103,2985,3138,3633,54,5087,.863748968
2,97.79,0,0,1,0,2,700,625,83,4,23,54,56,1505,1412,226,14,1586,6.247787611
2,247.9,1.67,0,0,0,1,743,742,150,2,21,58,129,1672,534,123,19,980,4.341463415
3,193.08,2.29,2,0,0,2,1105,1090,160,9,33,52,151,2310,431,147,25,910,2.931972789
2,,,,,,,413,726,73,0,14,44,55,1216,267,28,9,859,9.535714286
2,,,,,,,1105,1090,160,9,33,52,151,2310,431,147,25,910,2.931972789
2,,,,,,,599,783,111,10,31,54,90,1801,920,427,32,1322,2.154566745
2,,,,,,,1319,773,114,8,38,59,94,2031,1214,457,27,2017,2.656455142
2,191.5,0,1,0,1,,743,742,150,2,21,58,129,1672,534,123,19,980,4.341463415
3,193.08,2.29,2,0,0,2,1105,1090,160,9,33,52,151,2310,431,147,25,910,2.931972789
2,,,,,,,413,726,73,0,14,44,55,1216,267,28,9,859,9.535714286
2,,,,,,,1105,1090,160,9,33,52,151,2310,431,147,25,910,2.931972789
2,,,,,,,599,783,111,10,31,54,90,1801,920,427,32,1322,2.154566745
2,,,,,,,1319,773,114,8,38,59,94,2031,1214,457,27,2017,2.656455142
2,191.5,0,1,0,1,,743,742,150,2,21,58,129,1672,534,123,19,980,4.341463415
2,,,,,,,751,710,138,1,17,63,115,2755,1020,75,7,1149,13.6
2,120.22,0,1,2,0,1,413,726,73,0,14,44,55,1216,267,28,9,859,9.535714286
2,86.03,0,2,1,0,2,662,751,115,11,31,49,99,1574,804,350,30,1438,2.297142857
2,84.19,20.14,0,2,0,2,1319,773,114,8,38,59,94,2031,1214,457,27,2017,2.656455142
2,86.03,0,0,2,0,2,1319,773,114,8,38,59,94,2031,1214,457,27,2017,2.656455142
2,,,,,,,751,710,138,1,17,63,115,2755,1020,75,7,1149,13.6
2,120.22,0,1,2,0,1,413,726,73,0,14,44,55,1216,267,28,9,859,9.535714286
2,86.03,0,2,1,0,2,662,751,115,11,31,49,99,1574,804,350,30,1438,2.297142857
2,84.19,20.14,0,2,0,2,1319,773,114,8,38,59,94,2031,1214,457,27,2017,2.656455142
2,86.03,0,0,2,0,2,1319,773,114,8,38,59,94,2031,1214,457,27,2017,2.656455142
